codigo,cuenca,priorizacion
30113,Ao. Carapé entre nacientes y Ao. Carapé,1
10500,Ao. Yacot,2
56773,Ao. De Villasboas entre nacientes y Ao. De La Isla Del Tío Tabáres,3
11200,Ao. Lenguazo,4
11400,Ao. Ñaquiñá,1
11600,Ao. Del Tigre,2
15840,Ao. Rodríguez,3
21200,Ao. Sauce,4
66210,Río Santa Lucía entre Ao. Tropa Vieja y Ao. De Las Brujas Grande,1
16300,Ao. Chapicuy Chico,2
16820,Ao. Malo,3
19319,Ao. San Martín entre Ao. Del Medio y Río San Salvador,4
21410,Río San Juan entre Ao. Del Cerro y Ao. San Luis,1
21500,Ao. San Luis,2
45202,Ao. De Pelotas entre Ao. Del Arrayán y Cda. De Las Cuatro Palmas,3
23200,Ao. De La Horqueta,4
23300,Ao. De La Quinta,1
58000,Río Negro entre Rincón De Palmar y Ao. Grande Del Norte,2
23707,Ao. Colla entre Ao. De Las Conchas y Río Rosario,3
28100,Ao. Del Sarandí,4
24300,Ao. Pavón entre nacientes y Ao. De La Boyada,1
13640,Ao. Valentín Grande entre Ao. De La Isleta y Río Arapey Grande,2
26820,Ao. Pando entre Ao. Del Sauce y Río De La Plata,3
13737,Río Arapey Grande entre Ao. Divisa y Ao. Tangarupá,4
28200,Ao. Del Sauce Solo,1
41810,Río Tacuarí entre Ao. Garao y Cda. De Santos,2
28300,Ao. De Los Chanchos,3
41700,Ao. Malo entre nacientes y Ao. De Las Lagunas,4
27700,Ao. De La Tuna,1
43300,Ao. Del Carmen,2
44450,Río Cebollatí entre Ao. Pirarajá y Cda. De Las Pajas,3
28610,Ao. Solís Grande entre Ao. Malvín y Ao. Curupí,4
43404,Ao. De Las Pavas entre Ao. Valija y Ao. De Las Averías,1
44670,Cda. Del Tío López,2
43610,Ao. Del Sauce entre nacientes y Ao. Nico Pérez,3
43774,Río Olimar Grande entre Ao. De Las Piedras y Ao. De Los Ceibos,4
44340,Ao. Barriga Negra entre Ao. Polanco y Río Cebollatí,1
44800,Río Cebollatí entre Río Olimar Grande y Ao. Parao,2
44730,Cda. Grande,3
54300,Ao. Sarandí,4
27600,Ao. Del Bagre,1
44740,Ao. De Los Arrayanes entre Cda. Grande y Río Cebollatí,2
54424,Ao. De Las Cañas entre Ao. San José y Río Negro,3
45510,Ao. India Muerta / Ao. Del Potrero,4
55300,Ao. Del Tala,1
55402,Ao. Salsipuedes Grande entre Cda. Del Blanquillo y Ao. Tiatucura,2
55504,Ao. Tres Árboles entre Ao. Del Tala y Ao. Islas De Arg³elles,3
55600,Ao. Rolón,4
55700,Ao. Molles De Porrúa,1
57160,Ao. Del Durazno entre nacientes y Ao. Del Duraznito,2
58836,Río Negro entre Ao. Pantanoso y Ao. De Las Maulas,3
65416,Río San José entre Ao. Coronilla y Ao. Chamizo,4
65000,Río San José entre nacientes y Ao. De Pintos,1
11700,Ao. Guaviyú,2
60000,Río Santa Lucía entre nacientes y Ao. San Francisco,3
61000,Río Santa Lucía Chico entre nacientes y Ao. Tornero Grande,4
56560,Ao. Maestre Campo,1
62520,Ao. De La Virgen entre Ao. Del Tala y Río Santa Lucía,2
63003,Ao. Canelón Grande entre Cda. Moreira y Ao. Canelón Chico,3
23900,Ao. Cufré,4
13200,Ao. Mataojo Chico,1
12800,Ao. Ceballos Grande,2
12000,Río Arapey Chico entre nacientes y Cda. Espinillos,3
13410,Río Arapey Grande entre Ao. Mataojito y Ao. Del Sauce,4
28710,Ao. Solís Grande entre Ao. Curupí y Ao. Navarro,1
12310,Río Arapey Chico entre Ao. Sequeira y Ao. De Las Cañas,2
12570,Río Arapey Chico entre Ao. De Las Cañas y Ao Ceballos Grande,3
66610,Río Santa Lucía entre Ao. De Las Brujas Grande y Ao. Colorado,4
15007,Río Daymán entre Ao. De Las Tunas y Ao. Blanquillo Grande,1
15530,Río Daymán entre Ao. Del Sauce Chico y Ao. Laureles Grande,2
16000,Río Uruguay entre Río Daymán y Ao. Chapicuy Chico,3
28810,Ao. Solís Grande entre Ao. Navarro y Ao. Tío Diego,4
16500,Ao. Chapicuy Grande,1
17830,Río Queguay Grande entre Ao. De Soto y Ao. Quebracho Grande,2
17900,Ao. Quebracho Grande,3
27500,Ao. Sarandí,4
18000,Río Uruguay entre Río Queguay Grande y Ao. San Francisco Grande,1
21000,Río San Juan entre nacientes y Ao. Piedras De Espinosa,2
29800,Laguna Del Diario,3
56880,Ao. Del Tala,4
65100,Ao. De Pintos,1
51400,Ao. Laureles,2
26200,Ao. Pantanoso,3
14800,Ao. San Antonio Grande,4
14630,Ao. Itapebí Chico,1
45700,Ao. Tala / Laguna Blanca,2
21700,Ao. Miguelete entre nacientes y Ao. Del Tala,3
21600,Ao. Tarariras,4
21110,Río San Juan entre Ao. Piedras De Espinosa y Ao. Sauce,1
21300,Ao. Del Tala,2
42800,Ao. De Ayala,3
22000,Río De La Plata entre Río San Juan y Ao. San Pedro,4
23800,Ao. Sarandí Grande,1
23610,Río Rosario entre Ao. Navarro y Ao. Colla,2
23501,Ao. Polonia,3
67310,Ao. Colorado entre Ao. Colorado Chico y Ao. De Las Piedras,4
23400,Río Rosario Chico,2
24405,Ao. Luis Pereira entre Ao. Sarandí y Río De La Plata,3
67300,Ao. Colorado Chico,4
62000,Río Santa Lucía entre Río Santa Lucía Chico y Ao. De La Virgen,1
60900,Ao. De Mendoza,2
60820,Ao. Del Tala entre Ao. Del Pedernal Grande y Ao. Colorado Grande,3
60400,Ao. Gaetán,4
60200,Ao. Del Soldado entre nacientes y Ao. Lenguazo Grande,1
60300,Ao. De Los Chanchos,2
61300,Ao. De La Cruz,3
60140,Ao. San Francisco entre Ao. Campanero Grande y Río Santa Lucía,4
61510,Río Santa Lucía Chico entre Ao. De La Macana y Ao. De Pintado,1
67000,Ao. Colorado entre nacientes y Ao. Colorado Chico,2
67710,Ao. Colorado entre Ao. De Las Piedras y Río Santa Lucía,3
61600,Ao. De Pintado entre nacientes y Ao. Molles,4
27900,Ao. De La Coronilla,1
68300,Cda. De Los Carros,2
42000,Laguna Merín entre Río Tacuarí y Ao. De Las Tres Islas,3
58610,Río Negro entre Ao. Abrojal y Ao. Cololó,4
44750,Río Cebollatí entre Ao. De Los Arrayanes y Río Olimar Grande,1
27405,Ao. Solís Chico entre Ao. De La Piedra Sola y Ao. De Los Padres,2
41920,Cda. Grande,3
27000,Río De La Plata entre Ao. Pando y Ao. Solís Chico,4
29310,Río De La Plata entre Ao. De Las Tarariras y Ao. De La Barra Falsa,1
29400,Ao. De La Barra Falsa,2
31000,Océano Atlántico entre Ao. Maldonado y Laguna José Ignacio,3
42400,Ao. Zapata,4
43810,Río Olimar Grande entre Ao. De Los Ceibos y Río Cebollatí,1
31207,Ao. José Ignacio entre Ao. De Medina y Laguna José Ignacio,2
68710,Río Santa Lucía entre Ao. De Melilla y Río De La Plata,3
44555,Ao. Del Alférez entre Cda. La Centinela y Ao. Del Aiguá,4
32000,Océano Atlántico entre Laguna De Rocha y Ao. Valizas,1
31600,Océano Atlántico entre Laguna Garzón y Laguna De Rocha,2
15009,Río Daymán entre Ao. Blanquillo Grande y Ao. Del Sauce,3
43800,Ao. De Los Ceibos,4
44720,Ao. De Los Arrayanes entre nacientes y Cda. Grande,1
44950,Ao. De Los Porongos entre nacientes y Ao. Del Tigre,2
44000,Ao. De Godoy,3
45000,Laguna Merín entre Río Cebollatí y Ao. De Pelotas,4
42600,Ao. Sarandí Grande entre nacientes y Ao. Sarandí Chico I,1
41600,Ao. Del Campamento,2
42220,Cda. Grande,3
17820,Ao. De Soto entre Ao. Araújo y Río Queguay Grande,4
41300,Ao. Conventos entre nacientes y Ao. Del Sauce,1
50100,Ao. San Luis,2
21210,Río San Juan entre Ao. Sauce y Ao. Del Tala,3
50490,Río Negro entre Cda. De Los Mongoles y Ao. Zapallar,4
53210,Ao. Sauce De Veras,1
50606,Ao. Fraile Muerto entre Cda. De Doña La Mancha y Río Negro,2
53000,Río Tacuarembó entre Ao. Tacuarembó Chico y Ao. Veras,3
21310,Río San Juan entre Ao. Del Tala y Ao. Del Cerro,4
50933,Ao. Pablo Pérez entre Cda. De Los Toros y Ao. Lechiguana,1
27610,Río De La Plata entre Ao. Del Bagre y Ao. De La Tuna,2
53666,Ao. Yaguarí entre Cda. De Las Piedras y Río Tacuarembó,3
20100,Río De la Plata entre Río Uruguay y Ao. De Las Víboras,4
52422,Ao. Tres Cruces entre Ao. Lambaré y Ao. Bañado De Rocha,1
52600,Ao. Batoví entre nacientes y Ao. Sauce De Batoví,2
17530,Río Queguay Grande entre Ao. Sauce y Ao. Capilla Vieja,3
51000,Río Tacuarembó entre nacientes y Ao. Aurora,4
10940,Ao. Yucutujá entre Ao. Yucutujá Miní y Río Cuareim,1
58700,Ao. Cololó entre nacientes y Ao. De Los Algarrobos,2
11000,Río Uruguay entre Río Cuareim y Ao. Itacumbú,3
21400,Ao. Del Cerro,4
58300,Ao. De Vera,1
58510,Ao. Sánchez Grande entre nacientes y Ao. Sánchez Chico,2
58410,Río Negro entre Ao. Perico Flaco y Ao. Coladeras,3
56355,Ao. De La Mariscala,4
15020,Río Daymán entre Ao. Del Sauce y Ao. Tembetarí,1
56400,Ao. Timote entre nacientes y Ao. Del Chancho,2
10743,Cda. Del Sauzal,3
56070,Ao. Malbajar,4
23000,Río Rosario entre nacientes y Ao. Del Medio,1
56105,Ao. Illescas entre Ao. De La Pedrera y Río Yí,2
23100,Ao. Del Medio,3
24000,Río De La Plata entre Río Rosario y Ao. Sauce,4
10841,Cda. Del Sauzal / Cda. Mataojo,1
30000,Océano Atlántico entre Punta del Este y Ao. Maldonado,2
41510,Río Tacuarí entre Ao. Del Rabón y Ao. Del Campamento,3
33000,Océano Atlántico entre Ao. Valizas y Laguna Negra,4
21510,Río San Juan entre Ao. San Luis y Ao. Tarariras,1
41400,Ao. Chuy entre nacientes y Cda. De Ibáñez,2
15810,Ao. Laureles Chico,3
43000,Río Olimar Grande entre nacientes y Ao. De La Ternera,4
55910,Río Negro entre Ao. Ramírez Grande y Río Yí,1
54905,Ao. Cardozo entre Ao. De Rolón y Río Negro,2
55000,Río Negro entre Rincón del Bonete y Ao. Minas De Callorda,3
66100,Ao. Durán,4
55810,Río Negro entre Ao. Molles De Quinteros y Ao. Ramírez Grande,1
68700,Ao. De Melilla,2
22300,Ao. Riachuelo,3
22500,Ao. Del Artillero,4
22400,Ao. De Pintos,1
40700,Laguna Merín entre Río Yaguarón y Río Tacuarí,2
44920,Ao. Del Parao entre Ao. De Otazo y Ao. Leoncho,3
61700,Ao. Sauce De Berdías,4
61810,Río Santa Lucía Chico entre Ao. Isla Mala y Río Santa Lucía,1
65300,Ao. Guaycurú,2
65200,Ao. San Gregorio entre nacientes y Ao. Del Sauce,3
65500,Ao. Chamizo entre nacientes y Ao. De Los Membrillos,4
24600,Ao. San Gregorio,2
65600,Ao. Carreta Quemada entre nacientes y Ao. Tala,3
51725,Ao. Cuñapirú entre Ao. Ataques y Ao. Mangrullo,4
58910,Río Negro entre Ao. De Las Maulas y Río Uruguay,1
24500,Ao. Sauce,2
16707,Ao. Guaviyú entre Ao. Sarandí Grande y Río Uruguay,3
10105,Ao. Maneco,4
22200,Ao. De La Caballada,1
22100,Ao. San Pedro,2
20800,Ao. De Las Vacas entre nacientes y Ao. Sarandí,3
20406,Ao. De Las Víboras entre Ao. Chileno y Río De La Plata,4
19910,Río Uruguay entre Ao. Agraciada y Río De La Plata,1
19381,Ao. Del Espinillo,2
11500,Ao. Mandiyú,3
10910,Cda. De La Canelera,4
18300,Ao. San Francisco Grande entre nacientes y Ao. San Francisco Chico,1
14210,Río Uruguay entre Ao. Espinillar y Ao. Itapebí Grande,2
11900,Ao. Yacuy entre nacientes y Ao. De Las Pavas,3
11100,Ao. Itacumbú entre nacientes y Cda. Zanja Honda,4
10226,Ao. Del Catalancito,1
19610,Ao. Arenal Grande,2
24100,Ao. Sauce,3
27710,Río De La Plata entre Ao. De La Tuna y Ao. De La Coronilla,4
24200,Ao. Cufré entre nacientes y Ao. Escudero,1
26000,Río De La Plata entre Río Santa Lucía y Ao. Pantanoso,2
26610,Ao. Carrasco,3
63506,Ao. Canelón Chico entre Cda. De La Lana y Cda. De Echevarría,4
29000,Río De La Plata entre Ao. Solís Grande y Ao. De Las Tarariras,1
28500,Ao. Sauce De Solís,2
28600,Ao. Malvín,3
10744,Ao. Tres Cruces Grande entre Cda. Del Sauzal y Río Cuareim,4
22600,Ao. Sauce,1
66200,Ao. Tropa Vieja,2
56900,Ao. Marinchoentre nacientes y Ao. Del Sauce,3
57506,Río Negro entre Ao. De Los Laureles y Rincón De Palmar,4
56606,Ao. Tomás Cuadra entre Ao. Del Sauce y Ao. De La Isla,1
26400,Ao. Miguelete,2
56200,Ao. Antonio Herrera entre nacientes y Ao. Sauce De Herrera,3
64000,Río Santa Lucía entre Ao. Canelón Grande y Ao. del Juncal,4
68310,Río Santa Lucía entre Cda. De Los Carros y Ao. De Melilla,1
66000,Río Santa Lucía entre Río San José y Ao. Durán,2
67700,Ao. De Las Piedras,3
61200,Ao. Talita entre nacientes y Ao. Del Sauce,4
24800,Ao. Del Tigre,1
61100,Ao. Tornero Grande,2
55310,Río Negro entre Ao. Del Tala y Ao. Salsipuedes,3
29700,Río De La Plata entre Ao. Del Potrero y Laguna Del Diario,4
28800,Ao. Navarro,1
30500,Ao. Maldonado entre nacientes y Ao. Del Sarandí,2
45904,Ao. Sarandí De La Horqueta,3
29514,Ao. Pan De Azúcar entre Ao. De La Mina y Laguna Del Sauce,4
29520,Laguna Del Sauce,1
31500,Ao. Garzón entre nacientes y Ao. Moleras,2
28700,Ao. Curupí,3
31850,Laguna De Rocha,4
28210,Ao. Solís Grande entre Ao. Del Sauce Solo y Ao. De Los Chanchos,1
32530,Laguna De Castillos,2
60156,Ao. Verdún,3
33470,Ao. Sauce Del Peñón,4
65710,Río San José entre Ao. Castellanos y Ao. Cagancha,1
33340,Laguna Negra,2
45500,CANAL No. 1 / Río San Luis entre Ao. India Muerta y Ao. Del Potrero,3
44100,Ao. De Los Chanchos,4
24700,Ao. Mauricio,1
44220,Ao. De Los Tapes,2
28910,Ao. Solís Grande entre Ao. Tío Diego y Río De La Plata,3
28400,Ao. Mataojo,4
28000,Ao. Solís Grande entre nacientes y Ao. Del Sarandí,1
43200,Ao. Rosario,2
60570,Río Santa Lucía entre Ao. Casupá y Ao. Vejigas,3
60410,Río Santa Lucía entre Ao. Gaetán y Ao. Casupá,4
60745,Ao. De Arias entre Ao. Arias Segundo y Río Santa Lucía,1
43100,Ao. De La Ternera,2
60600,Ao. Vejigas,3
45520,Río San Luis entre Ao. Del Potrero y Ao. Del Ceibo,4
50800,Ao. Tarariras entre nacientes y Cda. De Las Islas,1
45530,Ao. Del Ceibo,2
45540,Río San Luis entre Ao. Del Ceibo y Ao. De La Isla Negra,3
43500,Ao. Avestruz Grande entre nacientes y Ao. Lagarto,4
23710,Río Rosario entre Ao. Colla y Ao. Sarandí Grande,1
50736,Ao. Quebracho entre Ao. Del Sarandí y Ao. Quiebra Yugo,2
41112,Cda. Del Sauce,3
45710,Río San Luis entre Laguna Blanca y Laguna Merín,4
41000,Río Tacuarí entre nacientes y Ao. Saca Calzones,1
23810,Río Rosario entre Ao. Sarandí Grande y Ao. Cufré,2
41210,Río Tacuarí entre Ao. Bañado De Medina y Cda. Del Paso Hondo,3
50300,Ao. Lechiguana,4
50540,Ao. Del Sauce,1
54108,Ao. De Clara entre Cda. Veneciana y Ao. Malo,2
50224,Ao. Del Hospital entre Cda. De La Laguna Del Canario y Ao. Coronilla Chico,3
54575,Ao. Del Sarandí,4
51900,Ao. Zapucay,1
24110,Río De La Plata entre Ao. Sauce y Ao. Cufré,2
53410,Río Tacuarembó entre Ao. Del Sauce y Ao. Yaguarí,3
51800,Ao. Buena Orden,4
51770,Ao. Corrales entre Ao. De La Coronilla y Ao. Laureles,1
55200,Ao. De Los Molles,2
51614,Río Tacuarembó entre Bañado Juan Jacinto y Ao. Cuñapirú,3
51500,Ao. De Las Cañas,4
27420,Ao. Solís Chico entre Ao. Mosquitos y Río De La Plata,2
51100,Ao. Aurora,3
52020,Ao. Tacuarembó Chico entre Gajo Del Tacuarembó Chico y Ao. Tranqueras,4
53603,Ao. Yaguarí entre Cda. De Rivas y Cda. De Los Caillava,1
52210,Ao. Tambores,2
28310,Ao. Solís Grande entre Ao. De Los Chanchos y Ao. Mataojo,3
54000,Río Negro entre Río Tacuarembó y Ao. Malo,4
53870,Río Tacuarembó entre Ao. Caraguatá y Cda. Blanquillo,1
54202,Ao. Malo entre Ao. Sarandí y Ao. Del Sauce,2
21610,Río San Juan entre Ao. Tarariras y Ao. Miguelete,3
54635,Río Negro entre Ao. Del Tigre y Ao. Carpintería,4
54800,Ao. Carpintería entre nacientes y Ao. Sarandí,1
55105,Ao. Minas De Callorda entre Ao. Del Tala y Río Negro,2
18670,Ao. Bellaco,3
58170,Ao. De Las Flores entre nacientes y Ao. Algarrobos,4
10600,Ao. Yacaré Grande,1
10310,Río Cuareim entre Ao. Pintado Grande y Ao. Guaviyú,2
58202,Ao. Don Esteban Grande entre Ao. Don Esteban Chico y Ao. Lencina,3
18910,Río Uruguay entre Ao. Román Grande y Ao. Yaguareté Grande,4
45310,Cda. Sarandí,1
17700,Ao. Bacacuá Grande,2
17220,Ao. Guayabos Grande entre Ao. Guayabos Chico y Río Queguay Grande,3
17600,Ao. Capilla Vieja,4
13800,Ao. Tangarupá,1
14000,Río Uruguay entre Río Arapey Grande y Ao. Espinillar,2
13900,Ao. Palomas Grande,3
13572,Ao. Sopas entre Cda. Boquerón y Cda. Del Tala Grande,4
13132,Ao. Mataperros Grande,1
13324,Ao. Mataojo Grande entre Ao. Del Tigre y Río Arapey Grande,2
13000,Río Arapey Grande entre nacientes y Ao. Del Cerro Chato,3
33510,Océano Atlántico entre Canal Andreoni y Ao. Chuy,4
28900,Ao. Tío Diego,1
33810,Ao. Chuy - Tramo Limítrofe,2
13560,Ao. Arerunguá entre Ao. De Las Cañas y Ao. Sopas,3
45800,Laguna Merín entre Río San Luis y Ao. San Miguel,4
45900,Ao. San Miguel entre nacientes y Ao. Sarandí De La Horqueta,1
13580,Ao. Arerunguá entre Ao. Sopas y Río Arapey Grande,2
17300,Ao. Ñacurutú Grande,3
66606,Ao. De Las Brujas Grande entre Ao. De Las Brujas Chico y Río Santa Lucía,4
29300,Ao. De Las Tarariras,1
17403,Río Queguay Chico entre Ao. Horqueta Del Queguay Chico y Ao. Molles Chico,2
60720,Ao. Chamizo Grande entre Ao. San Gabriel y Río Santa Lucía,3
51300,Ao. Lunarejo entre nacientes y Ao. Rubio Chico,4
17040,Río Queguay Grande entre Ao. Zapatero y Cda. Del Mataojo,1
51210,Río Tacuarembó entre Ao. Valiente y Ao. Lunarejo,2
13910,Río Arapey Grande entre Ao. Palomas Grande y Río Uruguay,3
65800,Ao. Cagancha,4
17118,Río Queguay Grande entre Ao. Del Tala y Ao. Santa Ana,1
50099,Río Negro entre nacientes y Ao. San Luis,2
40690,Río Yaguarón entre Cda. De Las Pajas y Laguna Merín,3
17507,Ao. Burucayupí entre Ao. Campamento y Río Queguay Grande,4
60100,Ao. San Francisco entre nacientes y Ao. Campanero Grande,1
60120,Ao. Del Penitente,2
60730,Río Santa Lucía entre Ao. Chamizo y Ao. De Arias,3
60110,Ao. Campanero Grande entre nacientes y Ao. Del Penitente,4
60130,Ao. Campanero Grande entre Ao. Del Penitente y Ao. San Francisco,1
60210,Ao. Lenguazo Grande,2
60220,Ao. Del Soldado entre Ao. Lenguazo Grande y Río Santa Lucía,3
60230,Río Santa Lucía entre Ao. Del Soldado y Ao. De Los Chanchos,4
60310,Río Santa Lucía entre Ao. De Los Chanchos y Ao. Gaetán,1
60500,Ao. Casupá entre nacientes y Ao. Chamamé,2
60750,Río Santa Lucía entre Ao. De Arias y Ao. Del Tala,3
60510,Ao. Chamamé,4
60530,Ao. De Milán,1
60520,Ao. Casupá entre Ao. Chamamé y Ao. De Milán,2
60560,Ao. Casupá entre Ao. Sauce De Casupá y Río Santa Lucía,3
60800,Ao. Del Tala entre nacientes y Ao. Del Pedernal Grande,4
60550,Ao. Sauce De Casupá,1
60540,Ao. Casupá entre Ao. De Milán y Ao. Sauce De Casupá,2
60610,Río Santa Lucía entre Ao. Vejigas y Ao. Chamizo Grande,3
60710,Ao. San Gabriel,4
12509,Ao. De Las Cañas entre Cda. Del Sauce y Zanja Aguapey,1
60700,Ao. Chamizo Grande entre nacientes y Ao. San Gabriel,2
64500,Ao. Del Juncal,3
60810,Ao. Del Pedernal Grande,4
60830,Río Santa Lucía entre Ao. Del Tala y Ao. De Mendoza,1
60910,Río Santa Lucía entre Ao. De Mendoza y Río Santa Lucía Chico,2
61110,Río Santa Lucía Chico entre Ao. Tornero Grande y Ao. Talita,3
64510,Río Santa Lucía entre Ao. Del Juncal y Río San José,4
61210,Ao. San Gerónimo,1
61220,Ao. Talita entre Ao. San Gerónimo y Río Santa Lucía Chico,2
61230,Río Santa Lucía Chico entre Ao. Talita y Ao. De La Cruz,3
12506,Cda. Del Sauce,4
61310,Río Santa Lucía Chico entre Ao. De La Cruz y Ao. De La Macana,1
61500,Ao. De La Macana,2
65110,Río San José entre Ao. De Pintos y Ao. San Gregorio,3
61610,Río Santa Lucía Chico entre Ao. De Pintado y Ao. Sauce De Berdías,4
61710,Río Santa Lucía Chico entre Ao. Sauce De Berdías y Ao. Isla Mala,1
61800,Ao. Isla Mala,2
62500,Ao. De La Virgen entre nacientes y Ao. Del Tala,3
65210,Río San José entre Ao. San Gregorio y Ao. Guaycurú,4
62510,Ao. Del Tala,1
62530,Río Santa Lucía entre Ao. De La Virgen y Ao. Canelón Grande,2
63510,Ao. Canelón Grande entre Ao. Canelón Chico y Río Santa Lucía,1
65310,Río San José entre Ao. Guaycurú y Ao. Mahoma,2
65400,Ao. Mahoma,3
66110,Río Santa Lucía entre Ao. Durán y Ao. Tropa Vieja,4
65510,Río San José entre Ao. Chamizo y Ao. Carreta Quemada,1
65610,Ao. Tala,2
65620,Ao. Carreta Quemada entre Ao. Tala y Río San José,3
65630,Río San José entre Ao. Carreta Quemada y Ao. Castellanos,4
65700,Ao. Castellanos,1
65810,Río San José entre Ao. Cagancha y Río Santa Lucía,2
20810,Ao. Juan González Grande,3
21710,Río San Juan entre Ao. Miguelete y Río De La Plata,4
22110,Río De La Plata entre Ao. San Pedro y Ao. De La Caballada,1
20410,Río De La Plata entre Ao. De Las Víboras y Ao. De Las Vacas,2
20820,Ao. De Las Vacas entre Ao. Juan González Grande y Río De La Plata,3
21100,Ao. Piedras De Espinosa,4
22210,Río De La Plata entre Ao. De La Caballada y Ao. Riachuelo,1
19900,Ao. Agraciada,2
22310,Río De La Plata entre Ao. Riachuelo y Ao. De Pintos,3
22410,Río De La Plata entre Ao. De Pintos y Ao. Del Artillero,4
22510,Río De La Plata entre Ao. Del Artillero y Ao. Sauce,1
23210,Río Rosario entre Ao. De La Horqueta y Ao. De La Quinta,2
22610,Río De La Plata entre Ao. Sauce y Río Rosario,3
23110,Río Rosario entre Ao. Del Medio y Ao. De La Horqueta,4
23310,Río Rosario entre Ao. De La Quinta y Ao. Rosario Chico,1
58833,Río Negro entre Ao. Dacá y Ao. Pantanoso,2
23410,Río Rosario entre Ao. Rosario Chico y Ao. Pichinango,3
23510,Río Rosario entre Ao. Pichinango y Ao. Navarro,4
23600,Ao. Navarro,1
41906,Cda. Del Sauce,2
24210,Río De La Plata entre Ao. Cufré y Ao. Pavón,3
24310,Río De La Plata entre Ao. Pavón y Ao. Luis Pereira,4
24410,Río De La Plata entre Ao. Luis Pereira y Ao. Sauce,1
24510,Río De La Plata entre Ao. Sauce y Ao. San Gregorio,2
24610,Río De La Plata entre Ao. San Gregorio y Ao. Mauricio,3
12300,Ao. Sequeira,4
24710,Río De La Plata entre Ao. Mauricio y Ao. Del Tigre,1
28510,Ao. Solís Grande entre Ao. Sauce De Solís y Ao. Malvín,2
24810,Río De La Plata entre Ao. Del Tigre y Río Santa Lucía,3
26210,Río De La Plata entre Ao. Pantanoso y Ao. Miguelete,4
27510,Río De La Plata entre entre Ao. Sarandí y Ao. del Bagre,1
26600,Ao. De Toledo,2
26410,Río De La Plata entre Ao. Miguelete y Ao. Carrasco,3
26620,Río De La Plata entre Ao. Carrasco y Ao. Pando,4
26810,Ao. Del Sauce entre nacientes y Ao. Pantanoso,1
27410,Ao. Mosquitos,2
26800,Ao. Pando entre nacientes y Ao. Del Sauce,3
27430,Río De La Plata entre Ao. Solís Chico y Ao. Sarandí,4
27910,Río De La Plata entre Ao. De La Coronilla y Ao. Solís Grande,1
28110,Ao. Solís Grande entre Ao. Del Sarandí y Ao. Del Sauce Solo,2
28410,Ao. Solís Grande entre Ao. Mataojo y Ao. Sauce De Solís,3
29410,Río De La Plata entre Ao. De La Barra Falsa y Ao. Del Potrero,4
29500,Ao. Del Sauce,1
29530,Ao. Del Potrero,2
29810,Río De La Plata entre Laguna Del Diario y Punta del Este,3
30600,Ao. Maldonado entre Ao. San Carlos y Océano Atlántico,4
30100,Ao. De Las Cañas,1
18641,Ao. Ñáñez,2
30120,Ao. San Carlos,3
12550,Zanja De Los Tres Capones,4
31210,Laguna José Ignacio,1
31820,Ao. De Rocha entre Ao. De Los Rocha y Laguna De Rocha,2
31510,Laguna Garzón,3
32540,Ao. Valizas,4
12540,Ao. De Las Cañas entre Ao. Patitas y Zanja De Los Tres Capones,1
31830,Ao. De Las Conchas,2
31840,Ao. De La Paloma,3
12560,Ao. De Las Cañas entre Zanja De Los Tres Capones y Río Arapey Chico,4
32500,Ao. De Castillos,1
33500,CANAL LAGUNA NEGRA,2
32510,Ao. De Chafalote,3
33430,Ao. De La Coronilla entre nacientes y Ao. Del Sauce Caído,4
45423,Ao. India Muerta entre Represa De India Muerta y Cda. Del Sauce,1
33490,CANAL No. 2 entre Ao.  Averías y CANAL ANDREONI,2
32520,Ao. Don Carlos,3
11410,Río Uruguay entre Ao. Ñaquiñá y Ao. Mandiyú,4
33402,Cda. Curupí,1
18646,Ao. Negro entre Ao. Ñáñez y Ao. Rabón,2
33450,CANAL No. 2 entre Cda. De Los Ajos y Ao. Averías,3
33410,Ao. Sarandí De La India Muerta entre nacientes y Ao. Sarandí De Los Amarales,4
33460,Ao. Averías entre nacientes y Ao. Sauce Del Peñón,1
18690,Río Uruguay entre Ao. Negro y Ao. Román Grande,2
33420,Ao. Del Sauce Caído entre nacientes y Ao. Sarandí De La India Muerta,3
33415,Ao. Sarandí De La India Muerta entre Ao. Sarandí De Los Amarales y Ao. Sauce Caído,4
33507,CANAL ANDREONI,1
11210,Río Uruguay entre Ao. Lenguazo y Ao. Ñaquiñá,2
33407,Ao. Sauce De Los Méndez,3
33409,Ao. Sarandí De Los Amarales entre Ao. Sauce De Los Méndez y Ao. Sarandí De La I. Muerta,4
33425,Ao. Del Sauce Caído entre Ao. Sarandí De La India Muerta y Ao. De La Coronilla,1
33440,Ao. De La Coronilla - CANAL CORONILLA - CANAL No. 2 hasta Cda. De Los Ajos,2
33480,Ao. Averías entre Ao. Sauce Del Peñón y CANAL No. 2,3
19600,Ao. Del Catalán entre nacientes y Ao. Arenal Grande,4
19630,Río Uruguay entre Ao. Del Catalán y Ao. Agraciada,1
19620,Ao. Del Catalán entre Ao. Arenal Grande y Río Uruguay,2
19300,Río San Salvador entre nacientes y Ao. San Martín,3
18653,Ao. Valdez,4
19310,Ao. San Martín entre nacientes y Ao. Del Medio,2
19340,Río San Salvador entre Ao. Maciel y Ao. Del Corralito,3
41909,Cda. De Santos entre Cda. Del Sauce y Río Tacuarí,4
19320,Río San Salvador entre Ao. San Martín y Ao. Maciel,1
19347,Río San Salvador entre Ao. Del Corralito y Ao. Del Águila,2
19330,Ao. Maciel,3
19387,Río San Salvador entre Ao. Del Espinillo y Río Uruguay,4
19342,Ao. Del Corralito,1
18650,Ao. Rabón entre nacientes y Ao. Valdez,2
19350,Ao. Del Águila,3
18900,Ao. Román Grande,4
19360,Río San Salvador entre Ao. Del Águila y Cda. Magallanes,1
19365,Cda. Magallanes,2
19369,Río San Salvador entre Cda. Magallanes y Ao. Bizcocho,3
19370,Ao. Bizcocho,4
19380,Río San Salvador entre Ao. Bizcocho y Ao. Del Espinillo,1
19390,Río Uruguay entre Río San Salvador y Ao. Del Catalán,2
18656,Ao. Rabón entre Ao. Valdez y Ao. Celestino,3
18600,Ao. Negro entre nacientes y Ao. Del Sauce,4
18610,Ao. González,1
18630,Ao. Gutiérrez Grande,2
18640,Ao. Negro entre Ao. Gutiérrez Grande y Ao. Ñáñez,3
18620,Ao. Negro entre Ao. González y Ao. Gutiérrez Grande,4
18657,Ao. Celestino,1
18659,Ao. Rabón entre Ao. Celestino y Ao. Negro,2
18660,Ao. Negro entre Ao. Rabón y Ao. Bellaco,3
18680,Ao. Negro entre Ao. Bellaco y Río Uruguay,4
18310,Río Uruguay entre Ao. San Francisco Grande y Ao. Negro,1
17000,Río Queguay Grande entre nacientes y Ao. Laureles,2
17010,Ao. Blanquillo,3
17020,Río Queguay Grande entre Ao. Blanquillo y Ao. Zapatero,4
17030,Ao. Zapatero,1
17130,Río Queguay Grande entre Ao. Santa Ana y Ao. Guayabos Grande,2
17102,Ao. De Los Corrales entre Ao. Correntoso y Cda. De La Ceniza,3
17120,Ao. Santa Ana,4
17200,Ao. Guayabos Grande entre nacientes y Ao. Guayabos Chico,1
17210,Ao. Guayabos Chico,2
17230,Río Queguay Grande entre Ao. Guayabos Grande y Ao. Ñacurutú Grande,3
17310,Río Queguay Grande entre Ao. Ñacurutú Grande y Río Queguay Chico,4
17410,Ao. Molles Grande,1
17422,Ao. Guarapirú,2
17430,Ao. Gualeguay,3
17440,Río Queguay Chico entre Ao. Gualeguay y Río Queguay Grande,4
17450,Río Queguay Grande entre Río Queguay Chico y Ao. Burucayupí,1
17510,Río Queguay Grande entre Ao. Burucayupí y Ao. Sauce,2
17520,Ao. Sauce,3
17610,Río Queguay Grande entre Ao. Capilla Vieja y Ao. Bacacuá Grande,4
15850,Río Daymán entre Ao. Rodríguez y Río Uruguay,1
17710,Río Queguay Grande entre Ao. Bacacuá Grande y Ao. De Soto,2
17810,Ao. Araújo,3
17800,Ao. De Soto entre nacientes y Ao. Araújo,4
17910,Río Queguay Grande entre Ao. Quebracho Grande y Río Uruguay,1
16800,Ao. Barrancas Grande,2
16510,Río Uruguay entre Chapicuy Grande y Ao. Guaviyú,3
16810,Río Uruguay entre Ao. Barrancas Grande y Ao. Malo,4
16830,Río Uruguay entre Ao. Malo y Río Queguay Grande,1
16710,Río Uruguay entre Ao. Guaviyú y Ao. Barrancas Grande,2
16310,Río Uruguay entre Ao. Chapicuy Chico y Ao. Chapicuy Grande,3
15010,Ao. Del Sauce,4
15800,Ao. Laureles Grande entre nacientes y Ao. Laureles Chico,1
15024,Río Daymán entre Ao. Bayucuá Chico y Ao. Del Mellado,2
15500,Ao. Carumbé,3
15820,Ao. Laureles Grande entre Ao. Laureles Chico y Río Daymán,4
15830,Río Daymán entre Ao. Laureles Grande y Ao. Rodríguez,1
14200,Ao. Espinillar,2
14810,Río Uruguay entre Ao. San Antonio Grande y Río Daymán,3
14600,Ao. Itapebí Grande entre nacientes y Cda. Divisoria,4
14610,Cda. Divisoria / Cda. Del Tala,1
42605,Ao. Sarandí Chico I,2
14620,Ao. Itapebí Grande entre Cda. Divisoria y Ao. Itapebí Chico,3
14640,Ao. Itapebí Grande entre Ao. Itapebí Chico y Río Uruguay,4
14650,Río Uruguay entre Ao. Itapebí Grande y Represa Salto Grande,1
14660,Río Uruguay entre Represa Salto Grande y Ao. San Antonio Grande,2
13100,Ao. Del Cerro Chato,3
13110,Río Arapey Grande entre Ao. Del Cerro Chato y Ao. Sarandí Del Arapey,4
15520,Ao. Del Sauce Chico,1
13120,Ao. Sarandí Del Arapey,2
13210,Río Arapey Grande entre Ao. Mataojo Chico y Ao. Mataojo Grande,3
54574,Río Negro entre Ao. Carpintería y Ao. Del Sarandí,4
13310,Ao. Mataojo Chico,1
13400,Ao. Mataojito,2
13300,Ao. Mataojo Grande entre nacientes y Ao. Mataojo Chico,3
13330,Río Arapey Grande entre Ao. Mataojo Grande y Ao. Mataojito,4
13420,Ao. Del Sauce,1
13430,Río Arapey Grande entre Ao. Del Sauce y Ao. Arerunguá,2
13593,Cda. Del Sauce,3
13504,Ao. Del Sarandí,4
13510,Ao. Guayabos,1
13520,Ao. Arerunguá entre Ao. Guayabos y Ao. Del Tapado,2
13530,Ao. Del Tapado,3
11920,Ao. Yacuy entre Ao. Palma Sola Grande y Ao. Sarandi,4
13546,Ao. De Vera,1
13555,Ao. De Las Cañas entre Ao. Del Sauce II y Ao. Del Sauce III,2
13600,Ao. Valentín Grande entre nacientes y Ao.Del Sauce,3
13610,Ao. Del Sauce,4
13620,Ao. Valentín Grande entre Ao. Del Sauce y Ao. De La Isleta,1
42606,Ao. Sarandí Grande entre Ao. Sarandí Chico I y Ao. Sarandí Chico II,2
13630,Ao. De La Isleta,3
13650,Río Arapey Grande entre Ao. Valentín Grande y Ao. Valentín Chico,4
13710,Ao. De Las Tunas,2
13700,Ao. Valentín Chico entre nacientes y Ao. De Las Tunas,3
13720,Ao. Valentín Chico entre Ao. De Las Tunas y Río Arapey Grande,4
13810,Río Arapey Grande entre Ao. Tangarupá y Río Arapey Chico,1
13820,Río Arapey Grande entre Río Arapey Chico y Ao. Palomas Grande,2
12500,Ao. De Las Cañas entre nacientes y Cda. Del Sauce,3
12510,Zanja Aguapey,4
12530,Ao. Patitas,1
12520,Ao. De Las Cañas entre Zanja Aguapey y Ao. Patitas,2
12810,Río Arapey Chico entre Ao. Ceballos Grande y Río Arapey Grande,3
11910,Ao. Palma Sola Grande,4
11922,Ao. Sarandi,1
11930,Río Uruguay entre Ao. Yacuy y Río Arapey Grande,2
11710,Río Uruguay entre Ao. Guaviyú y Ao. Yacuy,3
11610,Río Uruguay entre Ao. Del Tigre y Ao. Guaviyú,4
11110,Río Uruguay entre Ao. Itacumbú y Ao. Lenguazo,1
11510,Río Uruguay entre Ao. Mandiyú y Ao. Del Tigre,2
10900,Ao. Yucutujá entre nacientes y Cda. De La Canelera,3
10920,Ao. Yucutujá entre Cda. De La Canelera y Ao. Yucutujá Miní,4
10930,Ao. Yucutujá Miní,1
10950,Río Cuareim entre Ao. Yucutujá y Río Uruguay,2
10850,Zanja Del Sauce,3
10800,Ao. Cuaró Grande entre nacientes y Ao. Sarandí,4
10810,Ao. Sarandí,1
10830,Ao. Cuaró Chico,2
10820,Ao. Cuaró Grande entre Ao. Sarandí y Cda. Del Sarandí,3
10870,Río Cuareim entre Ao. Cuaró Grande y Ao. Yucutujá,4
10860,Ao. Cuaró Grande entre Zanja Del Sauce y Río Cuareim,1
13577,Cda. Sarandí,2
10700,Ao. Tres Cruces Grande entre nacientes y Ao. Tres Cruces Chico,3
10300,Ao. Pintado Grande,4
10710,Ao. Tres Cruces Chico,1
10720,Ao. Tres Cruces Grande entre Ao. Tres Cruces Chico y Ao. Guaviyú,2
10730,Ao. Pelado,3
10750,Río Cuareim entre Ao. Tres Cruces Grande y Ao. Cuaró Grande,4
10610,Río Cuareim entre Ao. Yacaré Grande y Ao. Tres Cruces Grande,1
56704,Ao. Maciel entre Ao. De Los Ahogados y Ao. Del Tala,2
10510,Río Cuareim entre Ao. Yacot y Ao. Yacaré Grande,3
51720,Ao. Cuñapirú entre Ao. Batoví y Ao. Ataques,4
10200,Ao. Catalán Grande entre nacientes y Ao. Catalán Chico,1
10210,Ao. Catalán Chico,2
10230,Río Cuareim entre Ao. Catalán Grande y Ao. Pintado Grande,3
51710,Ao. Batoví,4
51700,Ao. Cuñapirú entre nacientes y Ao. Curticeiras,1
51721,Ao. Ataques,2
56707,Ao. Maciel entre Ao. Del Tala y Ao. De Los Molles,3
51726,Ao. Mangrullo,4
51729,Ao. Cuñapirú entre Ao. Mangrullo y Ao. Mangueras,1
51730,Ao. Mangueras,2
51740,Ao. Cuñapirú entre Ao. Mangueras y Ao. De Los Médanos,3
51790,Río Tacuarembó entre Ao. Cuñapirú y Ao. Buena Orden,4
51742,Ao. De Los Médanos,1
51110,Río Tacuarembó entre Ao. Aurora y Ao. Valiente,2
51746,Ao. Cuñapirú entre Cda. Del Sauce y Ao. San Pablo,3
53890,Río Tacuarembó entre Cda. Blanquillo y Río Negro,4
51752,Cda. De Los Álvez,1
53650,Ao. Cuaró,2
51757,Ao. De Los Vargas,3
51780,Ao. Cuñapirú entre Ao. Corrales y Río Tacuarembó,4
51200,Ao. Valiente,1
53670,Río Tacuarembó entre Ao. Yaguarí y Ao. Caraguatá,2
51310,Río Tacuarembó entre Ao. Lunarejo y Ao. Laureles,3
51410,Río Tacuarembó entre Ao. Laureles y Ao. De Las Cañas,4
51510,Río Tacuarembó entre Ao. De Las Cañas y Ao. Carpintería,1
50770,Río Negro entre Ao. Tupambaé y Ao. Tarariras,2
51600,Ao. Carpintería,3
53825,Ao. Caraguatá entre Cda. De Belén y Cda. Del Blanquillo,4
52400,Gajo Norte Del Tres Cruces entre nacientes y Gajo Medio,1
50910,Ao. De Las Palmas entre nacientes y Ao. De Las Conchas,2
52410,Gajo Sur Del Tres Cruces,3
52430,Ao. Tacuarembó Chico entre Ao. Tres Cruces y Ao. Batoví,4
52000,Ao. Tacuarembó Chico entre nacientes y Gajo Del Tacuarembó Chico,1
50950,Ao. Pablo Pérez entre Ao. Lechiguana y Ao. Del Cordobés,2
52010,Gajo Del Tacuarembó Chico,3
55419,Ao. Salsipuedes Chico entre Ao. Molles y Ao. Salsipuedes Grande,4
52200,Ao. Tranqueras entre nacientes y Ao. Tambores,1
52220,Ao. Tranqueras entre Ao. Tambores y Ao. Tacuarembó Chico,2
57147,Ao. Del Pantanoso,3
52230,Ao. Tacuarembó Chico entre Ao. Tranqueras y Ao. Tres Cruces,4
58600,Ao. Abrojal,1
52610,Ao. Del Sauce,2
52620,Ao. Batoví entre Ao. Del Sauce y Ao. Tacuarembó Chico,3
52630,Ao. Tacuarembó Chico entre Ao. Batoví y Río Tacuarembó,4
51810,Río Tacuarembó entre Ao. Buena Orden y Ao. Zapucay,1
56740,Ao. Maciel entre Ao. De Chamangá y Ao. De La Cordobesa,2
51910,Río Tacuarembó entre Ao. Zapucay y Ao. Tacuarembó Chico,3
50470,Río Negro entre Ao. Palleros y Cda. De Los Mongoles,4
53200,Ao. Veras entre nacientes y Ao. Sauce De Veras,1
53220,Ao. Veras entre Ao. Sauce De Veras y Río Tacuarembó,2
53230,Río Tacuarembó entre Ao. Veras y Ao. Del Sauce,3
56760,Ao. Maciel entre Ao. De La Cordobesa y Río Yí,4
53400,Ao. Del Sauce,1
53600,Ao. Yaguarí entre nacientes y Cda. De Rivas,2
53610,Ao. Del Abrojal,3
53620,Ao. Yaguarí entre Ao. Del Abrojal y Ao. Carpintería,4
53840,Ao. Caraguatá entre Bañado De Los Cinco Sauces y Bañado Del Turupí,1
53630,Ao. Carpintería,2
53640,Ao. Yaguarí entre Ao. Carpintería y Ao. Cuaró,3
53800,Ao. Caraguatá entre nacientes y Ao. Coronilla,4
56610,Río Yí entre Ao. Tomás Cuadra y Ao. De Tejera,1
53810,Ao. Coronilla,2
56440,Ao. Timote entre Ao. Sauce Del Timote y Río Yí,3
53830,Bañado De Los Cinco Sauces,4
53880,Cda. Blanquillo,1
53850,Bañado Del Turupí,2
53860,Ao. Caraguatá entre Bañado Del Turupí y Río Tacuarembó,3
63504,Ao. Canelón Chico entre Ao. Del Gigante y Cda. De La Lana,4
50110,Río Negro entre Ao. San Luis y Ao. Del Hospital,1
50420,Ao. Bañados De Aceguá entre Cda. De Los Molles y Ao. Corrales,2
50200,Ao. Del Hospital entre nacientes y Ao. Blanco,3
50210,Ao. Blanco,4
50430,Ao. Corrales,1
50230,Río Negro entre Ao. Del Hospital y Ao. Lechiguana,2
50310,Río Negro entre Ao. Lechiguana y Ao. Sarandí,3
50330,Río Negro entre Ao. Sarandí y Ao. Bañados De Aceguá,4
50320,Ao. Sarandí,1
50440,Ao. Bañados De Aceguá entre Ao. Corrales y Río Negro,2
50400,Ao. Bañados De Aceguá entre nacientes y Ao. De Astorga,3
50450,Río Negro entre Ao. Bañados De Aceguá y Ao. Palleros,4
50410,Cda. De Los Molles,1
50460,Ao. Palleros,2
50480,Cda. De Los Mongoles,3
50510,Ao. Sarandí,4
50500,Ao. Zapallar entre nacientes y Ao. Sarandí,1
50520,Ao. Zapallar entre Ao. Sarandí y Río Negro,2
50530,Río Negro entre Ao. Zapallar y Ao. Del Sauce,3
50550,Río Negro entre Ao. Del Sauce y Ao. Fraile Muerto,4
50610,Río Negro entre Ao. Fraile Muerto y Ao. Tupambaé,1
50700,Ao. Tupambaé entre nacientes y Ao. Del Medio,2
50720,Ao. Tupambaé entre Ao. Del Medio y Ao. Quebracho,3
50710,Ao. Del Medio,4
50762,Ao. Tupambaé entre Cda. Grande y Río Negro,1
50740,Ao. Quiebra Yugo,2
50750,Ao. Quebracho entre Ao. Quiebra Yugo y Ao. Tupambaé,3
56709,Ao. Maciel entre Ao. De Los Molles y Ao. Del Tala,4
50820,Cda. De Los Minuanos,1
50810,Río Negro entre Ao. Tarariras y Cda. De Los Minuanos,2
50835,Río Negro entre Ao. Sarandí y Bañado De Los Tres Hermanos,3
50914,Ao. De Las Conchas,4
50900,Ao. Del Cordobés entre nacientes y Ao. De Las Rengas,1
50917,Ao. De Las Palmas entre Ao. De Las Conchas y Ao. Del Cordobés,2
50920,Ao. Del Cordobés entre Ao. De Las Palmas y Cda. Brava,3
50923,Cda. Brava,4
50991,Cda. De Las Mansas,1
50940,Ao. Lechiguana entre nacientes y Ao. De Los Molles,2
50926,Ao. Del Cordobés entre Cda. Brava y Ao. Pablo Pérez,3
50960,Ao. Del Cordobés entre Ao. Pablo Pérez y Río Negro,4
50970,Río Negro entre Ao. Del Cordobés y Ao. Del Estado,1
50980,Ao. Del Estado,2
54230,Ao. Rolón entre nacientes y Ao.Charata,3
54260,Ao. Malo entre Ao. Rolón y Ao. Guaviyú,4
54250,Ao. Rolón entre Ao.Charata y Ao. Malo,1
54240,Ao. Charata,2
54280,Río Negro entre Ao. Malo y Ao. Sarandí,3
54270,Ao. Malo entre Ao. De Clara y Río Negro,4
55120,Ao. Molles,1
54310,Río Negro entre Ao. Sarandí y Ao. De Las Cañas,2
55110,Río Negro entre Ao. Minas De Callorda y Ao. Molles,3
50760,Ao. Tupambaé entre Ao. Quebracho y Cda. Grande,4
54400,Ao. De Las Cañas entre nacientes y Ao. San Ramón,1
54410,Ao. San Ramón,2
54430,Río Negro entre Ao. De Las Cañas y Ao. Chileno,3
54500,Ao. Chileno Grande entre nacientes y Ao. Chileno Chico,4
54550,Ao. Sarandí Del Chileno,1
54510,Ao. Chileno Chico,2
54520,Ao. Chileno Grande entre Ao. Chileno Chico y Ao. Del Blanquillo,3
54560,Ao. Chileno Grande entre Ao. Sarandí Del Chileno y Río Negro,4
54530,Ao. Del Blanquillo,1
54540,Ao.Chileno Grande entre Ao. Del Blanquillo y Ao. Sarandí Del Chileno,2
54610,Ao. Achar,3
54620,Ao. Laureles entre Ao. Achar y Río Negro,4
55135,Río Negro entre Ao. Del Sauce y Ao. De Los Molles,2
54600,Ao. Laureles entre nacientes y Ao. Achar,3
54830,Río Negro entre Ao. Carpintería y Ao. Cardozo,4
54910,Río Negro entre Ao. Cardozo y Rincón del Bonete,1
55210,Río Negro entre Ao. De Los Molles y Ao. Del Tala,2
55420,Ao. Salsipuedes Grande entre Ao. Salsipuedes Chico y Ao. Molles Grande,3
55430,Río Negro entre Ao. Salsipuedes Grande y Ao. Tres Árboles,4
55510,Río Negro entre Ao. Tres Árboles  y Ao. Rolón,1
55610,Río Negro entre Ao. Rolón y Ao. Molles De Porrúa,2
55710,Río Negro entre Ao. Molles De Porrúa y Ao. Moles De Quinteros,3
57174,Ao. Del Perdido entre Ao. De Muñoz y Ao. Santiago,4
55800,Ao. Molles De Quinteros,1
55900,Ao. Ramírez Grande,2
58100,Ao. Grande Del Norte entre nacientes y Cda. Grande,3
58500,Ao. Coladeras entre nacientes y Ao. Sánchez Grande,4
58110,Cda. Grande,1
58140,Ao. Grande Del Norte entre Ao. Averías Grande y Ao. Averías Chico,2
58120,Ao. Grande Del Norte entre Cda. Grande y Ao. Averías Grande,3
58150,Ao. Averías Chico entre nacientes y Ao. De Los Blanquillos,4
58135,Ao. Averías Grande entre Ao. Matachinas y Ao. Paurú,1
58210,Río Negtro entre Ao. Don Esteban Grande y Ao. De Vera,2
58160,Ao. Grande Del Norte entre Ao. Averías Chico y Ao. De Las Flores,3
58180,Ao. Grande Del Norte entre Ao. De Las Flores y Río Negro,4
58190,Río Negro entre Ao. Grande Del Norte y Ao. Don Esteban Grande,1
57150,Ao. Del Perdido entre nacientes y Ao. Del Durazno,2
57000,Río Negro entre Río Yí y Ao. Grande Del Sur,3
58550,Río Negro entre Ao. Coladeras y Ao. Abrojal,4
57130,Ao. De La Guardia Vieja,1
57110,Ao. De Monzón,2
57100,Ao. Grande Del Sur entre nacientes y Ao. De Monzón,3
57120,Ao. Grande Del Sur entre Ao. De Monzón y Ao. De La Guardia Vieja,4
58310,Río Negro entre Ao. De Vera y Ao. Perico Flaco,1
58400,Ao. Perico Flaco,2
56406,Ao. Del Chancho,3
58520,Ao. Sánchez Chico,4
58530,Ao. Sánchez Grande entre Ao. Sánchez Chico y Ao. Coladeras,1
58540,Ao. Coladeras entre Ao. Sánchez Grande y Río Negro,2
58710,Río Negro entre Ao. Cololó y Ao. Bequeló,3
58808,Ao. Cabelludo,4
58810,Ao. Coquimbo,1
58826,Ao. Bequeló entre Ao. Sarandí Grande y Río Negro,2
58900,Ao. De Las Maulas,3
56910,Río Yí entre Ao. Marincho y Río Negro,4
63505,Cda. De La Lana,1
56804,Ao. Porongos entre Ao. Del Sarandí y Ao. Del Pedregal,2
56840,Ao. Feliciano,3
56820,Ao. Porongos entre Ao. Sarandí y Río Yí,4
56810,Ao. Sarandí,1
56830,Río Yí entre Ao. Porongos y Ao. Feliciano,2
56870,Río Yí entre Ao. De Los Tapes y Ao. Del Tala,3
56850,Río Yí entre Ao. Feliciano  y Ao. De Los Tapes,4
56860,Ao. De Los Tapes,1
56890,Río Yí entre Ao. Del Tala y Ao. Marincho,2
56705,Ao. Del Tala,3
50761,Cda. Grande,4
40608,Ao. Yaguarón Chico entre Ao. De La Mina y Río Yaguarón,1
56710,Ao. Del Tala,2
56720,Ao. Maciel entre Ao. Del Tala y Ao. De Chamangá,3
56730,Ao. De Chamangá entre nacientes y Ao. Duraznito,4
56750,Ao. De La Cordobesa,1
63508,Cda. De Echevarría,2
56786,Ao. De Caballero entre Ao. Sarandí y Río Yí,3
56790,Río Yí entre Ao. De Caballero y Ao. Porongos,4
63509,Ao. Canelón Chico entre Cda. De Echevarría y Ao. Canelón Grande,1
56620,Ao. De Tejera,2
56630,Río Yí entre Ao. De Tejera y Ao. Maciel,3
56500,Ao. De Castro entre nacientes y Ao. Pantanoso,4
56120,Ao. Del Tala,1
56510,Ao. Tala De Castro,2
56520,Ao. De Castro entre Ao. Tala De Castro y Río Yí,3
56530,Río Yí entre Ao. De Castro y Ao. Sarandí,4
56330,Ao. Sauce De Mansavillagra,1
56540,Ao. Sarandí,2
56550,Río Yí entre Ao. Sarandí y Ao. Maestre Campo,3
56130,Río Yí entre Ao. Del Tala y Ao. Sauce Del Yí,4
56570,Río Yí entre Ao. Maestre Campo y Ao. Tomás Cuadra,1
56420,Ao. Timote entre Ao. Molles Del Timote y Ao. Sauce Del Timote,2
56150,Río Yí entre Ao. Sauce Del Yí y Ao. Antonio Herrera,3
56410,Ao. Molles Del Timote,4
56430,Ao. Sauce Del Timote,1
56450,Río Yí entre Ao. Timote y Ao. De Castro,2
56340,Ao. Mansavillagra entre Ao. Sauce De Mansavillagra y Río Yí,3
56300,Ao. Mansavillagra entre nacientes y Ao. Arrayán,4
56210,Río Yí entre Ao. Antonio Herrera y Ao. Mansavillagra,1
40650,Río Yaguarón entre Ao. Sarandí y Ao. De Las Cañas,2
56310,Ao. Del Potrero,3
56325,Ao. Mansavillagra entre Ao. Del Tigre y Ao. Sauce De Mansavillagra,4
56140,Ao. Sauce Del Yí,1
56110,Río Yí entre Ao. Illescas y Ao. Del Tala,2
66600,Ao. De Las Brujas Grande entre nacientes y Ao. De Las Brujas Chico,3
56010,Ao. Valentín,4
56000,Río Yí entre nacientes y Ao. Valentín,1
56020,Río Yí entre Ao. Valentín y Ao. Monzón,2
56030,Ao. Monzón,3
63501,Cda. Del Chaná,4
56040,Río Yí entre Ao. Monzón y Ao. Del Pescado,1
56059,Ao. Del Pescado entre Ao. Molles Del Pescado y Río Yí,2
56080,Río Yí entre Ao. Malbajar y Ao. Illescas,3
44630,Cda. Grande,4
56060,Río Yí entre Ao. Del Pescado y Ao. Malbajar,2
40671,Ao. Sarandí De Barceló,3
56050,Ao. Del Pescado entre nacientes y Ao. Molles Del Pescado,4
40680,Cda. De Las Pajas,1
56055,Ao. Molles Del Pescado,2
44620,Ao. Gutiérrez entre Ao. Molles y Cda. Grande,3
40611,Cda. De Los Burros entre nacientes y Cda. Ombucitos,4
40630,Río Yaguarón entre Ao. Berachi y Ao. Sarandí,1
44640,Ao. Gutiérrez entre Cda. Grande y Río Cebollatí,2
40640,Ao. Sarandí,3
44690,Ríio Cebollatí entre Ao. De Los Arrayanes y Ao. Corrales,4
40660,Ao. De Las Cañas,1
40670,Río Yaguarón entre Ao. De Las Cañas y Ao. Sarandí De Barceló,2
40678,Río Yaguarón entre Ao. Sarandí De Barceló y Cda. De Las Pajas,3
44660,Ao. De Los Arrayanes entre nacientes y Cda. Del Tío López,4
44500,Ao. Del Aiguá entre nacientes y Ao. Molles,1
44507,Ao. Del Aiguá entre Ao. Molles y Ao. De La Coronilla,2
44502,Ao. Molles,3
44680,Ao. De Los Arrayanes entre Cda. Del Tío López  y Río Cebollatí,4
44510,Ao. De La Coronilla,1
44650,Ríio Cebollatí entre Ao. Gutiérrez y Ao. De Los Arrayanes,2
44520,Ao. Del Aiguá entre Ao. De La Coronilla y Ao. Del Sauce,3
44529,Ao. Del Aiguá entre Ao. Del León y Ao. Marmarajá,4
44536,Ao. Marmarajá entre Ao. Santa Ana y Ao. Del Aiguá,1
44527,Ao. Del León,2
43110,Río Olimar Grande entre Ao. De La Ternera y Ao. Rosario,3
44542,Ao. Sarandí Grande,4
43210,Río Olimar Grande entre Ao. Rosario y Ao. Del Carmen,1
44540,Ao. Del Aiguá entre Ao. Marmarajá y Ao. Sarandí Grande,2
43310,Río Olimar Grande entre Ao. Del Carmen y Ao. De Las Pavas,3
44560,Ao. Del Aiguá entre Ao. Del Alférez y Cda. Grande,4
44566,Ao. Del Aiguá entre Cda. Grande y Río Cebollatí,1
44546,Ao. Del Aiguá entre Ao. Sarandí Grande y Ao. Del Alférez,2
44350,Río Cebollatí entre Ao. Barriga Negra y Ao. Tapes Grande,3
44550,Ao. Del Alférez entre nacientes y Ao. Valdivia,4
43430,Río Olimar Grande entre Ao. De Las Pavas y Ao. Avestruz Grande,1
44552,Ao. Valdivia,2
44564,Cda. Grande,3
44570,Río Cebollati entre Ao. Del Aiguá y Ao. Gutiérrez,4
44300,Ao. Barriga Negra entre nacientes y Ao. Del Medio,1
44927,Ao. Del Parao entre Ao. Leoncho y Ao. Corrales Del Parao,2
44310,Ao. Polanco entre nacientes y Ao. Laureles,3
44110,Río Cebollatí entre Ao. De Los Chanchos y Ao. De Los Molles,4
44320,Ao. Laureles,1
44330,Ao. Polanco entre Ao. Laureles y Ao. Barriga Negra,2
44250,Río Cebollatí entre Ao. Malo y Ao. Barriga Negra,3
44200,Ao. De Los Molles,4
44210,Río Cebollatí entre Ao. De Los Molles y Ao. De Los Tapes,1
44240,Ao. Malo,2
44230,Río Cebollatí entre Ao. De Los Tapes y Ao. Malo,3
44954,Ao. Del Tigre,4
44400,Ao. Tapes Grande entre nacientes y Ao. Tapes Chico,1
44413,Ao. De La Buena Vista,2
44440,Ao. Pirarajá entre Ao. Retamosa y Río Cebollatí,3
44460,Ao. Sarandí,4
44420,Ao. Pirarajá entre nacientes y Ao. Retamosa,1
44430,Ao. Retamosa,2
44470,Río Cebollatí entre Ao. Sarandí y Ao. Del Aiguá,3
44604,Ao. Gutiérrez entre Ao. Del Horno y Ao. Molles,4
44610,Ao. Molles,1
44960,Ao. Del Parao entre Ao. De Los Porongos y Río Cebollatí,2
43410,Ao. De Las Averías,3
43420,Ao. De Las Pavas entre Ao. De Las Averías y Río Olimar Grande,4
43510,Ao. Avestruz Chico,1
43520,Ao. Avestruz Grande entre Ao. Avestruz Chico y Río Olimar Grande,2
43530,Río Olimar Grande entre Ao. Avestruz Grande y Río Olimar Chico,3
43630,Río Olimar Grande entre Río Olimar Chico y Ao. Yerbal Grande,4
43620,Río Olimar Chico entre Ao. Del Sauce y Ao. Yerbalito,1
44706,Ao. De Las Piedras,2
43600,Río Olimar Chico entre nacientes y Ao. Del Sauce,3
44710,Río Cebollatí entre Ao. Corrales y Ao. De Los Arrayanes,4
43700,Ao. Yerbal Grande entre nacientes y Ao. Yerbalito,1
44980,Cda. Sepulturas,2
43710,Ao. Yerbalito,3
44970,Río Cebollatí entre Ao. Del Parao y Cda. Sepulturas,4
43720,Ao. Yerbal Grande entre Ao. Yerbalito y Ao. Yerbal Chico,1
43750,Ao. Yerbal Chico entre Ao. Yerbalito y Ao. Yerbal Grande,2
43730,Ao. Yerbal Chico entre nacientes y Ao. Yerbalito,3
44990,Río Cebollatí entre Cda. Sepulturas  y Laguna Merín,4
43760,Ao. Yerbal Grande entre Ao. Yerbal Chico y Río Olimar Grande,1
43740,Ao. Yerbalito,2
44905,Ao. Del Parao entre Ao. Guazunambí y Ao. De Otazo,3
44910,Ao. De Otazo,4
44921,Ao. Leoncho,1
44930,Ao. Corrales Del Parao entre nacientes y Ao. Del Oro,2
44934,Ao. Del Oro,3
44937,Ao. Corrales Del Parao entre Ao. Del Oro y Ao. Del Parao,4
44940,Ao. Del Parao entre Ao. Corrales Del Parao y Ao. De Los Porongos,1
44956,Ao. De Los Porongos entre Ao. Del Tigre y Ao. Del Parao,2
41100,Ao. Saca Calzones,3
41200,Ao. Bañado De Medina,4
42410,Laguna Merín entre Ao. Zapata y Ao. Sarandí Grande,1
42200,Ao. De Las Tres Islas,2
41310,Ao. Del Sauce,3
45320,Ao. Quebracho / CANAL QUEBRACHO entre Cda. Sarandí y Canal No. 1,4
41320,Ao. Conventos entre Ao. Del Sauce y Río Tacuarí,1
41330,Río Tacuarí entre Ao. Conventos y Ao. Chuy,2
41410,Río Tacuarí entre Ao. Chuy y Ao. Del Rabón,1
41500,Ao. Del Rabón,2
41610,Río Tacuarí entre Ao. Del Campamento y Ao. Malo,3
41710,Río Tacuarí entre Ao. Malo y Cda. Del Mangrullo,4
41800,Ao. Garao,1
41900,Cda. De Santos entre nacientes y Cda. Del Sauce,2
41910,Río Tacuarí entre Cda. De Santos y Cda. Grande,3
41930,Río Tacuarí entre Cda. Grande y Laguna Merín,4
42820,Laguna Merín entre Ao. De Ayala y Río Cebollatí,1
42610,Ao. Sarandí Chico II,2
42620,Ao. Sarandí Grande entre Ao. Sarandí Chico II y Laguna Merín,3
10224,Ao. Catalán Grande entre Ao. Sauce De Macedo y Ao. Del Catalancito,4
42630,Laguna Merín entre Ao. Sarandí Grande y Ao. De Ayala,1
40619,Río Yaguarón entre Cda. De Los Burros y Ao. Berachi,2
42210,Laguna Merín entre Ao. De Las Tres Islas y Cda. Grande,3
45210,Laguna Merín entre Ao. De Pelotas y Río San Luis,4
42230,Laguna Merín entre Cda. Grande y Ao. Zapata,1
45400,Ao. India Muerta entre nacientes y Embalse De India Muerta,2
45550,Ao. De La Isla Negra,3
45410,Ao. Sarandí De La Paloma entre nacientes y Embalse De India Muerta,4
45300,Ao. Quebracho entre nacientes y Cda. Sarandí,1
45560,Río San Luis entre Ao. De La Isla Negra  y Laguna Blanca,2
31800,Ao. De Rocha entre nacientes y Ao. De Los Rocha,3
31810,Ao. De Los Rocha,4
45907,Ao. San Miguel entre Ao. Sarandí De La Horqueta y Límite Fronterizo,1
54210,Ao. De La Quebrada Grande,2
10110,Ao. Sepulturas,3
10120,Río Cuareim entre Ao. Sepulturas y Ao. Catalán Grande,4
20830,Río De La Plata entre Ao. De Las Víboras y Río San Juan,1
54220,Ao. Malo entre Ao. De La Quebrada Grande y Ao. Rolón,2
15510,Río Daymán entre Ao. Carumbé y Ao. Del Sauce Chico,3
54810,Ao. De Los Perros,4
54820,Ao. Carpintería entre Ao. De Los Perros y Río Negro,1
53609,Ao. Yaguarí entre Ao. Amarillo y Ao. Del Abrojal,2
53606,Ao. Cerro Chato,3
53608,Ao. Amarillo,4
53607,Ao. Yaguarí entre Ao. Cerro Chato y Ao. Amarillo,1
53605,Ao. Yaguarí entre Cda. De Los Caillava y Ao. Cerro Chato,2
53604,Cda. De Los Caillava,3
53602,Cda. De Rivas,4
44303,Ao. Del Medio,1
56770,Río Yí entre Ao. Maciel y Ao. De Villasboas,2
44305,Ao. Barriga Negra entre Ao. Del Medio y Ao. Polanco,3
56779,Río Yí entre Ao. De Villasboas y Ao. De Caballero,4
19315,Ao. Del Medio,1
13540,Ao. Arerunguá entre Ao. Del Tapado y Ao. Carumbé,2
13541,Ao. Carumbé,3
13543,Ao. Arerunguá entre Ao. Carumbé y Ao. De Vera,4
13548,Ao. Arerunguá entre Ao. De Vera y Ao. De Las Cañas,1
10220,Ao. Catalán Grande entre Ao. Catalán Chico y Ao. Sauce De Macedo,2
10229,Ao. Catalán Grande entre Ao. Del Catalancito y Río Cuareim,3
10222,Ao. Sauce De Macedo,4
40620,Ao. Berachi,1
50220,Ao. Del Hospital entre Ao. Blanco y Cda. De La Laguna Del Canario,2
18306,Ao. San Francisco Chico,3
50221,Cda. De La Laguna Del Canario,4
50229,Ao. Del Hospital entre Ao. Coronilla Chico y Río Negro,1
50227,Ao. Coronilla Chico,2
44900,Ao. Del Parao entre nacientes y Ao. Guazunambí,3
41218,Río Tacuarí entre Cda. Del Paso Hondo y Ao. Conventos,4
44902,Ao. Guazunambí,1
18309,Ao. San Francisco Grande entre Ao. San Francisco Chico y Río Uruguay,2
41215,Cda. Del Paso Hondo,3
61206,Ao. Sarandí Chico,4
61209,Ao. Talita entre Ao. Sarandí Chico y Ao. San Gerónimo,1
45908,Ao. San Miguel - Tramo Limítrofe,2
43613,Ao. Nico Pérez,3
11926,Ao. Yacuy entre Ao. Sarandí y Río Uruguay,4
43615,Ao. Del Sauce entre Ao. Nico Pérez y Río Olimar Chico,1
44524,Ao. Del Sauce,2
44526,Ao. Del Aiguá entre Ao. Del Sauce y Ao. Del León,3
57175,Ao. Santiago,4
57176,Ao. Del Perdido entre Ao. Santiago y Ao. Grande Del Sur,1
56509,Ao. De Castro entre Ao. Pantanoso y Ao. Tala De Castro,2
56507,Ao. Pantanoso,3
58201,Ao. Don Esteban Chico,4
58200,Ao. Don Esteban Grande entre nacientes y Ao. Don Esteban Chico,1
58205,Ao. Lencina,2
58820,Ao. Bequeló entre Ao. Coquimbo y Ao. Sarandí Grande,3
58207,Ao. Don Esteban Grande entre Ao. Lencina y Río Negro,4
31509,Ao. Garzón entre Ao. Moleras y Laguna Garzón,1
58823,Ao. Sarandí Grande,2
56320,Ao. Mansavillagra entre Ao. Del Potrero y Ao. Del Tigre,3
44409,Ao. Tapes Grande entre Ao. De La Lorencita y Río Cebollatí,4
56322,Ao. Del Tigre,1
52409,Gajo Norte Del Tres Cruces entre Gajo Medio y Gajo Sur,2
15008,Ao. Blanquillo Grande,3
52406,Gajo Medio Del Tres Cruces,4
31506,Ao. Moleras,1
44406,Ao. Tapes Grande entre Ao. Tapes Chico y Ao. De La Lorencita,2
44407,Ao. De La Lorencita,3
41706,Ao. De Las Lagunas,4
41708,Ao. Malo entre Ao. De Las Lagunas y Río Tacuarí,1
50850,Río Negro entre Bañado De Los Tres Hermanos y Ao. Del Cordobés,2
50840,Bañado De Los Tres Hermanos,3
50830,Río Negro entre Cda. De Los Minuanos  y Ao. Sarandí,4
50831,Ao. Sarandí,2
50990,Río Negro entre Ao. Del Estado y Cda. De Las Mansas,3
56357,Río Yí entre Ao. De La Mariscala y Ao. Timote,4
50996,Río Negro entre Cda. De Las Mansas y Río Tacuarembó,1
50809,Ao. Tarariras entre Cda. De Garcete y Río Negro,2
56351,Ao. Del Sauce,3
50807,Cda. De Garcete,4
41110,Río Tacuarí entre Ao. Saca Calzones y Cda. Del Sauce,1
41119,Río Tacuarí entre Cda. Del Sauce y Ao. Bañado De Medina,2
56350,Río Yí entre Ao. Mansavillagra y Ao. Del Sauce,3
56353,Río Yí entre Ao. Del Sauce y Ao. De La Mariscala,4
57170,Ao. Del Perdido entre Ao. Del Durazno y Ao. De Muñoz,1
57171,Ao. De Muñoz,2
56608,Ao. De La Isla,3
41716,Río Tacuarí entre Cda. Del Mangrullo y Ao. Garao,4
41713,Cda. Del Mangrullo,1
13130,Río Arapey Grande entre Ao. Sarandí Del Arapey y Ao. Mataperros Grande,2
13137,Río Arapey Grande entre Ao. Mataperros Grande y Ao. Mataojo Chico,3
56600,Ao. Tomás Cuadra entre nacientes y Ao. Rolón,4
56601,Ao. Rolón,1
56609,Ao. Tomás Cuadra entre Ao. De La Isla y Río Yí,2
15003,Ao. Del Sauce,3
56602,Ao. Tomás Cuadra entre Ao. Rolón y Ao. Del Sauce,4
56605,Ao. Del Sauce,1
15000,Río Daymán entre nacientes y Ao. Del Sauce,2
15004,Río Daymán entre Ao. Del Sauce y Ao. De Las Tunas,3
55401,Cda. Del Blanquillo,4
55400,Ao. Salsipuedes Grande entre nacientes y Cda. Del Blanquillo,1
55405,Ao. Tiatucura,2
55406,Ao. Salsipuedes Grande entre Ao. Tiatucura y Ao. Juan Tomás,3
55409,Ao. Salsipuedes Grande entre Ao. Juan Tomás y Ao. Salsipuedes Chico,4
55408,Ao. Juan Tomás,1
13574,Cda. Del Tala Grande,2
13575,Ao. Sopas entre Cda. Del Tala Grande y Cda. Sarandí,3
13578,Ao. Sopas entre Cda. Sarandí y Ao. Arerunguá,4
16700,Ao. Guaviyú entre nacientes y Ao. Tierras Coloradas,1
16703,Ao. Tierras Coloradas,2
16704,Ao. Guaviyú entre Ao. Tierras Coloradas y Ao. Sarandí Grande,3
16706,Ao. Sarandí Grande,4
50600,Ao. Fraile Muerto entre nacientes y Ao. Cueva Del Tigre,1
50602,Ao. Cueva Del Tigre,2
58130,Ao. Averías Grande entre nacientes y Ao. Del Curupí,3
17106,Ao. Itacabó,4
50603,Ao. Fraile Muerto entre Ao. Cueva Del Tigre y Cda. De Doña La Mancha,1
50605,Cda. De Doña La Mancha,2
58131,Ao. Del Curupí,3
58132,Ao. Averías Grande entre Ao. Del Curupí y Ao. Matachinas,4
58134,Ao. Matachinas,1
58138,Ao. Paurú,2
17402,Ao. Horqueta Del Queguay Chico,3
58139,Ao. Averías Grande entre Ao. Paurú y Ao. Grande Del Norte,4
17400,Río Queguay Chico entre nacientes y Ao. Horqueta Del Queguay Chico,1
17407,Ao. Molles Chico,2
17408,Río Queguay Chico entre Ao. Molles Chico y Ao. Molles Grande,3
17110,Río Queguay Grande entre Ao. De Los Corrales y Ao. Molles Grande,4
17114,Ao. Molles Grande,1
17115,Río Queguay Grande entre Ao. Molles Grande y Ao. Del Tala,2
17117,Ao. Del Tala,3
17100,Ao. Correntoso,4
17107,Ao. De Los Corrales entre Ao. Itacabó y Río Queguay Grande,1
17101,Cda. De La Horqueta,2
17105,Ao. De Los Corrales entre Cda. De La Ceniza y Ao. Itacabó,3
17104,Cda. De La Ceniza,4
41409,Ao. Chuy entre Cda. De La Divisa y Río Tacuarí,1
41402,Cda. De Ibáñez,2
41408,Cda. De La Divisa,3
41404,Ao. Chuy entre Cda. De Ibáñez y Cda. De La Divisa,4
60826,Ao. Colorado Grande,1
60828,Ao. Del Tala entre Ao. Colorado Grande y Río Santa Lucía,2
61605,Ao. Molles,3
61606,Ao. De Pintado entre Ao. Molles y Río Santa Lucía Chico,4
65410,Río San José entre Ao. Mahoma y Ao. Coronilla,1
65414,Ao. Coronilla,2
63500,Ao. Canelón Chico entre nacientes y Cda. Del Chaná,3
63503,Ao. Del Gigante,4
53661,Cda. Del Sauce,1
53664,Cda. De Las Piedras,2
53662,Ao. Yaguarí entre Cda. Del Sauce y Cda. De Las Piedras,3
54632,Ao. Del Tigre,4
54570,Río Negro entre Ao. Del Chileno y Ao. Carpintería,1
54572,Ao. Carpintería,2
54578,Río Negro entre Ao. Del Sarandí y Ao. Laureles,3
13590,Río Arapey Grande entre Ao. Arerunguá y Cda. Del Sauce,4
13597,Río Arapey Grande entre Cda. Del Sauce y Ao. Valentín Grande,1
56708,Ao. De Los Molles,2
56700,Ao. Maciel entre nacientes y Ao. De Los Ahogados,3
56702,Ao. De Los Ahogados,4
56776,Ao. De La Isla Del Tío Tabáres,1
56778,Ao. De Villasboas entre Ao. De La Isla Del Tío Tabáres y Río Yí,2
33320,Ao. Del Peñón,3
61202,Ao. Del Sauce,4
61204,Ao. Talita entre Ao. Del Sauce y Ao. Sarandí Chico,1
44405,Ao. Tapes Chico,2
10320,Ao. Guaviyú,3
10330,Río Cuareim entre Ao. Guaviyú y Ao. De Los Molles Del Sauce,4
10340,Ao. De Los Molles Del Sauce,1
10350,Río Cuareim entre Ao. De Los Molles Del Sauce y Ao. Yacot,2
33300,Cda. Del Paso Del Bañado,3
53820,Ao. Caraguatá entre Ao. Coronilla y Bañado De Fagúndez,4
53822,Bañado De Fagúndez,2
53827,Cda. Del Blanquillo,3
53828,Ao. Caraguatá entre Cda. Del Blanquillo y Bañado De Los Cinco Sauces,4
53823,Ao. Caraguatá entre Bañado De Fagúndez y Cda. De Belén,1
53824,Cda. De Belén,2
17045,Cda. Del Mataojo,3
17046,Río Queguay Grande entre Cda. Del Mataojo y Ao. De Los Corrales,4
56800,Ao. Porongos entre nacientes y Ao. Del Sarandí,1
55502,Ao. Tres Árboles entre Ao. De La Isleta y Ao. Del Tala,2
56802,Ao. Del Sarandí,3
56807,Ao. Del Pedregal,4
56808,Ao. Porongos entre Ao. Del Pedregal y Ao. Sarandí,1
52420,Ao. Tres Cruces entre Gajo Sur y Ao. Lambaré,2
52421,Ao. Lambaré,3
52426,Ao. Bañado De Rocha,4
23702,Ao. Del Sauce,1
52427,Ao. Tres Cruces entre Ao. Bañado De Rocha y Ao. Tacuarembó Chico,2
54420,Ao. De Las Cañas entre Ao. San Ramón y Ao. San José,3
54421,Ao. San José,4
54904,Ao. De Rolón,1
45200,Ao. De Pelotas entre nacientes y Ao. Del Arrayán,2
45201,Ao. Del Arrayán,3
54900,Ao. Cardozo entre nacientes y Ao. De Rolón,4
23700,Ao. Colla entre nacientes y Ao. Del Sauce,1
56100,Ao. Illescas entre nacientes y Ao. De La Pedrera,2
56104,Ao. De La Pedrera,3
23703,Ao. Colla entre Ao. Del Sauce y Ao. De Las Conchas,4
23705,Ao. De Las Conchas,1
44531,Ao. De Los Chanchos,2
45208,Cda. De Las Cuatro Palmas,3
45209,Ao. De Pelotas entre Cda. De Las Cuatro Palmas y Laguna Merín,4
44530,Ao. Marmarajá entre nacientes y Ao. De Los Chanchos,1
55500,Ao. Tres Árboles entre nacientes y Ao. De La Isleta,2
44535,Ao. Santa Ana,3
55501,Ao. De La Isleta,4
13730,Río Arapey Grande entre Ao. Valentín Chico y Ao. Del Tala,1
44532,Ao. Marmarajá entre Ao. De Los Chanchos y Ao. Santa Ana,2
55503,Ao. Del Tala,3
55506,Ao. Islas De Arg³elles,4
58800,Ao. Bequeló entre nacientes y Ao. De La Pedrera,1
55508,Ao. Tres Árboles entre Ao. Islas De Arg³elles y Río Negro,2
54804,Ao. Sarandí,3
57183,Ao. Grande Del Sur entre Ao. Del Muga y Ao. Del Sauce,4
54806,Ao. Carpintería entre Ao. Sarandí y Ao. De Los Perros,1
51759,Ao. Corrales entre Ao. De Los Vargas y Ao. De La Coronilla,2
13501,Ao. De Las Cañitas,3
51760,Ao. De La Coronilla,4
13550,Ao. De Las Cañas entre nacientes y Ao. Del Sauce I,1
58805,Ao. Bequeló entre Ao. De Las Isletas y Ao. Del Tala,2
51776,Ao. Laureles,3
51779,Ao. Corrales entre Ao. Laureles y Ao. Cuñapirú,4
13500,Ao. Arerunguá entre nacientes y Ao. De Las Cañitas,1
13503,Ao. Arerunguá entre Ao. De Las Cañitas y Ao. Del Sarandí,2
13506,Ao. Arerunguá entre Ao. Del Sarandí y Ao. Guayabos,3
13551,Ao. Del Sauce I,4
18607,Ao. Negro entre Ao. Del Sauce y Ao. Del Gato Grande,1
31200,Ao. José Ignacio entre nacientes y Ao. Manantiales,2
10840,Ao. Cuaró Grande entre Ao. Cuaró Chico y Cda. Del Sauzal,3
31203,Ao. Manantiales,4
13552,Ao. De Las Cañas entre Ao. Del Sauce I y Ao. Del Sauce II,1
31204,Ao. José Ignacio entre Ao. Manantiales y Ao. De Medina,2
31206,Ao. De Medina,3
13553,Ao. Del Sauce II,4
13557,Ao. Del Sauce III,1
13559,Ao. De Las Cañas entre Ao. Del Sauce III y Ao. Arerunguá,2
51610,Río Tacuarembó entre Ao. Carpintería y Bañado Juan Jacinto,3
10845,Ao. Cuaró Grande entre Cda. Del Sauzal y Zanja De La Media Luna,4
51613,Bañado Juan Jacinto,1
57187,Ao. Grande Del Sur entre Ao. Del Sauce y Río Negro,2
57180,Ao. Grande Del Sur entre Ao. Del Perdido y Ao. Del Muga,3
57182,Ao. Del Muga,4
18608,Ao. Del Gato Grande,1
57185,Ao. Del Sauce,2
54200,Ao. Malo entre nacientes y Ao. Sarandí,3
18609,Ao. Negro entre Ao. Del Gato Negro y Ao. González,4
54201,Ao. Sarandí,1
54206,Ao. Del Sauce,2
10846,Zanja De La Media Luna,3
54207,Ao. Malo entre Ao. Del Sauce y Ao. De La Quebrada Grande,4
18604,Ao. Del Sauce,1
54100,Ao. De Clara entre nacientes y Ao. Del Sarandí,2
54101,Ao. Del Sarandí,3
54107,Cda. Veneciana,4
54102,Ao. De Clara entre Ao. Del Sarandí y Cda. Chamaneco,1
54104,Cda. Chamaneco,2
54105,Ao. De Clara entre Cda. Chamaneco y Cda. Veneciana,3
51708,Cda. De Las Isletas,4
51705,Ao. Curticeiras,1
51709,Ao. Cuñapirú entre Cda. De Las Isletas y Ao. Batoví,2
51706,Ao. Cuñapirú entre Ao. Curticeiras y Cda. De Las Isletas,3
10847,Ao. Cuaró Grande entre Zanja De La Media Luna y Zanja Del Sauce,4
58802,Ao. De La Pedrera,1
58803,Ao. Bequeló entre Ao. De La Pedrera y Ao. De Las Isletas,2
58804,Ao. De Las Isletas,3
58806,Ao. Del Tala,4
58807,Ao. Bequeló entre Ao. Del Tala y Ao. Cabelludo,1
58809,Ao. Bequeló entre Ao. Cabelludo y Ao. Coquimbo,2
15029,Río Daymán entre Ao. Del Sauce y Ao. Carumbé,3
15021,Ao. Tembetarí,4
15022,Río Daymán entre Ao. Tembetarí y Ao. Bayucuá Chico,2
15023,Ao. Bayucuá Chico,3
15027,Ao. Del Mellado,4
55410,Ao. Salsipuedes Chico entre nacientes y Ao. Del Tala,2
55413,Ao. Del Tala,3
55415,Ao. Salsipuedes Chico entre Ao. Del Tala y Ao. De Las Conchas,4
55416,Ao. De Las Conchas,1
58707,Ao. De Los Algarrobos,2
55417,Ao. Salsipuedes Chico entre Ao. De Las Conchas y Ao. Molles,3
55418,Ao. Molles,4
10826,Cda. Del Sauce,1
58708,Ao. Cololó entre Ao. De Los Algarrobos y Río Negro,2
10824,Cda. Del Sarandí,3
10825,Ao. Cuaró Grande entre Cda. Del Sarandí y Cda. Del Sauce,4
10827,Ao. Cuaró Grande entre Cda. Del Sauce y Ao. Cuaró Chico,1
58830,Río Negro entre Ao. Bequeló y Ao. Dacá,2
58831,Ao. Dacá,3
58834,Ao. Pantanoso,4
24308,Ao. Pavón entre Ao. De La Boyada y Río De La Plata,1
24307,Ao. De La Boyada,2
57143,Ao. Del Arenal Chico,3
57140,Ao. Grande Del Sur entre Ao. De La Guardia Vieja y Ao. Del Arenal Chico,4
57144,Ao. Grande Del Sur entre Ao. Del Arenal Chico y Ao. Del Arenal Grande,1
57145,Ao. Del Arenal Grande,2
57149,Ao. Grande Del Sur entre Ao. Del Pantanoso y Ao. Del Perdido,3
44702,Ao. Del Sauce,4
57146,Ao. Grande Del Sur entre Ao. Del Arenal Grande y Ao. Del Pantanoso,1
44700,Ao. Corrales entre nacientes y Ao. Del Sauce,2
44704,Ao. Corrales entre Ao. Del Sauce y Ao. De Las Piedras,3
44708,Ao. Corrales entre Ao. De Las Piedras y Río Cebollatí,4
20803,Ao. Sarandí,1
20809,Ao. De Las Vacas entre Cda. De Nieto y Ao. Juan González Grande,2
20805,Ao. De Las Vacas entre Ao. Sarandí y Cda. De Nieto,3
20808,Cda. De Nieto,4
56407,Ao. Timote entre Ao. Del Chancho y Ao. Molles Del Timote,1
45426,Cda. Del Sauce,2
45420,Embalse De India Muerta,3
45427,Ao. India Muerta entre Cda. Del Sauce y Canal No. 1,4
31215,Océano Atlántico entre Laguna José Ignacio y Laguna Garzón,1
53660,Ao. Yaguarí entre Ao. Cuaró y Cda. Del Sauce,2
55130,Río Negro entre Ao. Molles y Ao. Del Sauce,3
55133,Ao. Del Sauce,4
26815,Ao. Pantanoso,1
26818,Ao. Del Sauce entre Ao. Pantanoso y Ao. Pando,2
63000,Ao. Canelón Grande entre nacientes y Cda. Moreira,3
63002,Cda. Moreira,4
66603,Ao. De Las Brujas Chico,1
63502,Ao. Canelón Chico entre Cda. Del Chaná y Ao. Del Gigante,2
17005,Ao. Laureles,3
13732,Ao. Del Tala,4
17008,Río Queguay Grande entre Ao. Laureles y Ao. Blanquillo,2
51755,Ao. Corrales entre Cda. De Los Álvez y Ao. De Los Vargas,3
51750,Ao. Corrales entre nacientes y Cda. De Los Álvez,4
21704,Ao. Del Tala,1
21706,Ao. Miguelete entre Ao. Del Tala y Río San Juan,2
20400,Ao. De Las Víboras entre nacientes y Ao. Chileno,3
20403,Ao. Chileno,4
44410,Río Cebollatí entre Ao. Tapes Grande y Ao. De La Buena Vista,1
30505,Ao. Del Sarandí,2
65506,Ao. Chamizo entre Ao. De Los Membrillos y Río San José,3
30507,Ao. Maldonado entre Ao. Del Sarandí y Ao. San Carlos,4
65505,Ao. De Los Membrillos,1
44419,Río Cebollatí entre Ao. De La Buena Vista y Ao. Pirarajá,2
17500,Ao. Burucayupí entre nacientes y Ao. Campamento,3
17505,Ao. Campamento,4
43624,Ao. Yerbalito,1
43625,Río Olimar Chico entre Ao. Yerbalito y Río Olimar Grande,2
56205,Ao. Sauce De Herrera,3
56207,Ao. Antonio Herrera entre Ao. Sauce De Herrera y Río Yí,4
10102,Ao. De Florencio,1
44553,Ao. Del Alférez entre Ao. Valdivia y Cda. La Centinela,2
11107,Ao. Itacumbú entre Cda. Zanja Honda y Río Uruguay,3
44554,Cda. La Centinela,4
50906,Ao. De Las Rengas,1
50908,Ao. Del Cordobés entre Ao. De Las Rengas y Ao. De Las Palmas,2
10104,Ao. De La Invernada entre Ao. De Florencio y Ao. Maneco,3
27409,Ao. Solís Chico entre Ao. De Los Padres y Ao. Mosquitos,4
10100,Ao. De La Invernada entre nacientes y Ao. De Florencio,1
58179,Ao. De Las Flores entre Ao. Sauce Grande y Ao. Grande Del Norte,2
10108,Ao. De La Invernada entre Ao. Maneco y Río Cuareim,3
54266,Ao. Malo entre Ao. Guaviyú y Ao. De Clara,4
54264,Ao. Guaviyú,1
52608,Ao. Batoví entre Ao. Sauce De Batoví y Ao. Del Sauce,2
52606,Ao. Sauce De Batoví,3
11105,Cda. Zanja Honda,4
55100,Ao. Minas De Callorda entre nacientes y Ao. Del Tala,1
55103,Ao. Del Tala,2
27400,Ao. Solís Chico entre nacientes y Ao. De La Piedra Sola,3
27403,Ao. De La Piedra Sola,4
27408,Ao. De Los Padres,1
29510,Ao. Pan De Azúcar entre nacientes y Ao. De La Mina,2
29513,Ao. De La Mina,3
13320,Ao. Mataojo Grande entre Ao. Mataojo Chico y Ao. Del Tigre,4
13322,Ao. Del Tigre,1
58174,Ao. Algarrobos,2
58177,Ao. Sauce Grande,3
58175,Ao. De Las Flores entre Ao. Algarrobos y Ao. Sauce Grande,4
43400,Ao. De Las Pavas entre nacientes y Ao. Valija,1
43402,Ao. Valija,2
43770,Río Olimar Grande entre Ao. Yerbal Grande y Ao. De Las Piedras,3
43771,Ao. De Las Piedras,4
12005,Cda. Espinillos,1
12007,Río Arapey Chico entre Cda. Espinillos y Ao. Sequeira,2
55423,Ao. Molles Grande,3
13570,Ao. Sopas entre nacientes y Cda. Boquerón,4
13571,Cda. Boquerón,1
50407,Ao. De Astorga,2
50409,Ao. Bañados De Aceguá entre Ao. De Astorga y Cda. De Los Molles,3
55425,Ao. Salsipuedes Grande entre Ao. Molles Grande y Río Negro,4
57168,Ao. Del Durazno entre Ao. Del Duraznito y Ao. Del Perdido,1
57165,Ao. Del Duraznito,2
10725,Ao. Guaviyú,3
50930,Ao. Pablo Pérez entre nacientes y Cda. De Los Toros,4
50932,Cda. De Los Toros,1
10727,Ao. Tres Cruces Grande entre Ao. Guaviyú y Ao. Pelado,2
33400,Ao. Sarandí De Los Amarales entre nacientes y Cda. Curupí,3
51749,Ao. Cuñapirú entre Ao. San Pablo y Ao. Corrales,4
33405,Ao. Sarandí De Los Amarales entre Cda. Curupí y Ao. Sauce De Los Méndez,1
51744,Ao. Cuñapirú entre Ao. De Los Médanos y Cda. Del Sauce,2
50805,Cda. De Las Islas,3
51745,Cda. Del Sauce,4
51748,Ao. San Pablo,1
50806,Ao. Tarariras entre Cda. De Las Islas y Cda. De Garcete,2
56905,Ao. Del Sauce,3
18916,Ao. Yaguareté Grande,4
56906,Ao. Marincho entre Ao. Del Sauce y Río Yí,1
15006,Ao. De Las Tunas,2
23910,Río Rosario entre Ao. Cufré y Río De La Plata,3
18917,Río Uruguay entre Ao. Yaguareté Grande y Río Negro,4
57500,Río Negro entre Ao. Grande Del Sur y Ao. De Los Laureles,1
57503,Ao. De Los Laureles,2
60154,Río Santa Lucía entre Ao. De La Calera y Ao. Verdún,3
10109,Río Cuareim entre Ao. De La Invernada y Ao. Sepulturas,4
60152,Ao. De La Calera,1
30110,Ao. De Los Chanchos,2
30117,Ao. Carapé entre nacientes y Ao. San Carlos,3
60150,Río Santa Lucía entre Ao. San Francisco y Ao. De La Calera,4
60158,Río Santa Lucía entre Ao. Verdún y Ao. Del Soldado,1
65204,Ao. Del Sauce,2
17420,Río Queguay Chico entre Ao. Molles Grande y Ao. Guarapirú,3
65207,Ao. San Gregorio entre Ao. Del Sauce y Río San José,4
43507,Ao. Lagarto,1
19000,Río Uruguay entre Río Negro y Río San Salvador,2
68000,Río Santa Lucía entre Ao. Colorado y Ao. De Los Carros,3
43508,Ao. Avestruz Grande entre Ao. Lagarto y Ao. Avestruz Chico,4
50945,Ao. De Los Molles,1
50947,Ao. Lechiguana entre Ao. De Los Molles y Ao. Pablo Páez,2
56736,Ao. De Chamangá entre Ao. Duraznito y Ao. Maciel,3
56734,Ao. Duraznito,4
44454,Cda. De Las Pajas,2
44456,Río Cebollatí entre Cda. De Las Pajas y Ao. Sarandí,3
51307,Ao. Rubio Chico,4
51309,Ao. Lunarejo entre Ao. Rubio Chico y Río Tacuarembó,1
24404,Ao. Sarandí,2
17425,Río Queguay Chico entre Ao. Guarapirúe y Ao. Gualeguay,3
50730,Ao. Quebracho entre nacientes y Ao. Del Sarandí,4
50733,Ao. Del Sarandí,1
24204,Ao. Escudero,2
13736,Ao. Divisa,3
24206,Ao. Cufré entre Ao. Escudero y Río De La Plata,4
60740,Ao. De Arias entre nacientes y Ao. Arias Segundo,1
60743,Ao. Arias Segundo,2
11905,Ao. De Las Pavas,3
11907,Ao. Yacuy entre Ao. De Las Pavas y Ao. Palma Sola Grande,4
56780,Ao. De Caballero entre nacientes y Ao. Sarandí,1
56784,Ao. Sarandí,2
56306,Ao. Arrayán,3
56309,Ao. Mansavillagra entre Ao. Arrayán y Ao. Del Potrero,4
23500,Ao. Pichinango entre nacientes y Ao. Polonia,1
23507,Ao. Pichinango entre Ao. Polonia y Río Rosario,2
54630,Río Negro entre Ao. Laureles y Ao. Del Tigre,3
10740,Ao. Tres Cruces Grande entre Ao. Pelado y Cda. Del Sauzal,4
40610,Río Yaguarón entre Ao. Yaguarón Chico y Cda. De Los Burros,1
40600,Ao. Yaguarón Chico entre nacientes y Ao. De La Mina,2
40606,Ao. De La Mina,3
58155,Ao. De Los Blanquillos,4
58157,Ao. Averías Chico entre Ao. De Los Blanquillos y Ao. Grande Del Norte,1
24400,Ao. Luis Pereira entre nacientes y Ao. Sarandí,2
44600,Ao. Gutiérrez entre nacientes y Ao. Del Horno,3
44603,Ao. Del Horno,4
13735,Río Arapey Grande entre Ao. Del Tala y Ao. Divisa,1
40615,Cda. Ombucitos,2
40616,Cda. De Los Burros entre Cda. Ombucitos y Río Yaguarón,3
